"VR","Version 2.0","","","","","","","","","","","","","","","","",""
"HD","Job ID","Job Name","Sheet Set Name","Category Name","Date and Time Started","Date and Time Completed","USERID","Profile ID","SheetName","Full File Path","Selected Layout Name","Page Setup Name","Named Page Setup Path","Device Name","Plot File Path","Paper Size Name","Plotted to 3DDWF","Final Status"
"JS","1","","","","03-06-2021 19:38:28","","admin","<<Unnamed Profile>>","","","","","","","","","",""
"SH","1","","","","03-06-2021 19:38:28","03-06-2021 19:38:41","","","Sheet1","","Sheet1","","","Microsoft Print to PDF","","A3","0","Plotted"
"JF","1","","","","","03-06-2021 19:38:41","","","","","","","","","","","","Plotted"
"JS","1","","","","03-06-2021 19:42:49","","admin","<<Unnamed Profile>>","","","","","","","","","",""
"SH","1","","","","03-06-2021 19:42:49","03-06-2021 19:43:04","","","Sheet1","","Sheet1","","","Microsoft Print to PDF","","A3","0","Plotted"
"JF","1","","","","","03-06-2021 19:43:04","","","","","","","","","","","","Plotted"
"JS","1","","","","03-06-2021 20:00:06","","admin","<<Unnamed Profile>>","","","","","","","","","",""
"SH","1","","","","03-06-2021 20:00:06","03-06-2021 20:00:22","","","Sheet1","","Sheet1","","","Microsoft Print to PDF","","A3","0","Plotted"
"JF","1","","","","","03-06-2021 20:00:22","","","","","","","","","","","","Plotted"
